<?xml version="1.0" encoding="UTF-8"?>

<features name="odl-mdsal-1.1-SNAPSHOT" xmlns="http://karaf.apache.org/xmlns/features/v1.2.0"
   xmlns:xsi="http://www.w3.org/2001/XMLSchema-instance"
   xsi:schemaLocation="http://karaf.apache.org/xmlns/features/v1.2.0 http://karaf.apache.org/xmlns/features/v1.2.0">
    <repository>mvn:org.opendaylight.yangtools/features-yangtools/0.6.2-SNAPSHOT/xml/features</repository>
    <repository>mvn:org.opendaylight.controller/features-config/0.2.5-SNAPSHOT/xml/features</repository>
    <repository>mvn:org.opendaylight.controller/features-config-persister/0.2.5-SNAPSHOT/xml/features</repository>
    <repository>mvn:org.opendaylight.controller/features-config-netty/0.2.5-SNAPSHOT/xml/features</repository>
    <repository>mvn:org.opendaylight.controller/features-akka/1.4.2-SNAPSHOT/xml/features</repository>
    <feature name='odl-mdsal-all' version='1.1-SNAPSHOT' description="OpenDaylight :: MDSAL :: All">
        <feature version='1.1-SNAPSHOT'>odl-mdsal-broker</feature>
        <feature version='1.1-SNAPSHOT'>odl-mdsal-clustering</feature>
        <feature version='1.1-SNAPSHOT'>odl-mdsal-xsql</feature>
        <feature version='1.1-SNAPSHOT'>odl-toaster</feature>
    </feature>
    <feature name='odl-mdsal-broker' version='1.1-SNAPSHOT' description="OpenDaylight :: MDSAL :: Broker">
        <feature version='0.6.2-SNAPSHOT'>odl-yangtools-common</feature>
        <feature version='0.6.2-SNAPSHOT'>odl-yangtools-binding</feature>
        <feature version='0.6.2-SNAPSHOT'>odl-yangtools-models</feature>
        <feature version='1.1-SNAPSHOT'>odl-mdsal-common</feature>
        <feature version='0.2.5-SNAPSHOT'>odl-config-startup</feature>
        <feature version='0.2.5-SNAPSHOT'>odl-config-netty</feature>
        <bundle>mvn:org.opendaylight.controller/sal-core-api/1.1-SNAPSHOT</bundle>
        <bundle>mvn:org.opendaylight.controller/sal-core-spi/1.1-SNAPSHOT</bundle>
        <bundle>mvn:org.opendaylight.controller/sal-broker-impl/1.1-SNAPSHOT</bundle>
        <bundle>mvn:org.opendaylight.controller/sal-binding-api/1.1-SNAPSHOT</bundle>
        <bundle>mvn:org.opendaylight.controller/sal-binding-config/1.1-SNAPSHOT</bundle>
        <bundle>mvn:org.opendaylight.controller/sal-binding-broker-impl/1.1-SNAPSHOT</bundle>
        <bundle>mvn:org.opendaylight.controller/sal-binding-util/1.1-SNAPSHOT</bundle>
        <bundle>mvn:org.opendaylight.controller/sal-connector-api/1.1-SNAPSHOT</bundle>
        <bundle>mvn:org.opendaylight.controller/sal-inmemory-datastore/1.1-SNAPSHOT</bundle>
        <configfile finalname="etc/opendaylight/karaf/01-mdsal.xml">mvn:org.opendaylight.controller/md-sal-config/1.1-SNAPSHOT/xml/config</configfile>
    </feature>
    <feature name='odl-toaster' version='1.1-SNAPSHOT' description="OpenDaylight :: Toaster">
        <feature version='0.6.2-SNAPSHOT'>odl-yangtools-common</feature>
        <feature version='0.6.2-SNAPSHOT'>odl-yangtools-binding</feature>
        <feature version='1.1-SNAPSHOT'>odl-mdsal-broker</feature>
        <bundle>mvn:org.opendaylight.controller.samples/sample-toaster/1.1-SNAPSHOT</bundle>
        <bundle>mvn:org.opendaylight.controller.samples/sample-toaster-consumer/1.1-SNAPSHOT</bundle>
        <bundle>mvn:org.opendaylight.controller.samples/sample-toaster-provider/1.1-SNAPSHOT</bundle>
        <configfile finalname="etc/opendaylight/karaf/03-toaster-sample.xml">mvn:org.opendaylight.controller.samples/toaster-config/1.1-SNAPSHOT/xml/config</configfile>
    </feature>
    <feature name ='odl-mdsal-xsql' version='1.1-SNAPSHOT'>
        <feature version='1.1-SNAPSHOT'>odl-mdsal-broker</feature>
        <bundle>mvn:org.opendaylight.controller/sal-dom-xsql/1.1-SNAPSHOT</bundle>
        <bundle>mvn:org.opendaylight.controller/sal-karaf-xsql/1.1-SNAPSHOT</bundle>
        <configfile finalname="etc/opendaylight/karaf/04-xsql.xml">mvn:org.opendaylight.controller/sal-dom-xsql-config/1.1-SNAPSHOT/xml/config</configfile>
    </feature>
    <feature name ='odl-mdsal-clustering-commons' version='1.1-SNAPSHOT'>
        <feature version='1.1-SNAPSHOT'>odl-mdsal-broker</feature>
        <feature version='2.3.4'>odl-akka-system</feature>
        <feature version='2.3.4'>odl-akka-persistence</feature>
        <bundle>mvn:org.opendaylight.controller/sal-clustering-commons/1.1-SNAPSHOT</bundle>
        <bundle>mvn:org.opendaylight.controller/sal-akka-raft/1.1-SNAPSHOT</bundle>
        <bundle>mvn:com.codahale.metrics/metrics-core/3.0.1</bundle>
    </feature>
    <feature name ='odl-mdsal-distributed-datastore' version='1.1-SNAPSHOT'>
        <feature version='1.1-SNAPSHOT'>odl-mdsal-broker</feature>
        <feature version='1.1-SNAPSHOT'>odl-mdsal-clustering-commons</feature>
        <feature version='2.3.4'>odl-akka-clustering</feature>
        <bundle>mvn:org.opendaylight.controller/sal-distributed-datastore/1.1-SNAPSHOT</bundle>
    </feature>
    <feature name ='odl-mdsal-remoterpc-connector' version='1.1-SNAPSHOT'>
        <feature version='1.1-SNAPSHOT'>odl-mdsal-broker</feature>
        <feature version='1.1-SNAPSHOT'>odl-mdsal-clustering-commons</feature>
        <feature version='2.3.4'>odl-akka-clustering</feature>
        <feature version='0.7'>odl-akka-leveldb</feature>
        <bundle>mvn:org.opendaylight.controller/sal-remoterpc-connector/1.1-SNAPSHOT</bundle>
    </feature>
    <feature name ='odl-mdsal-clustering' version='1.1-SNAPSHOT'>
        <feature version='1.1-SNAPSHOT'>odl-mdsal-remoterpc-connector</feature>
        <feature version='1.1-SNAPSHOT'>odl-mdsal-distributed-datastore</feature>
        <configfile finalname="etc/opendaylight/karaf/05-clustering.xml">mvn:org.opendaylight.controller/sal-clustering-config/1.1-SNAPSHOT/xml/config</configfile>
        <configfile finalname="configuration/initial/akka.conf">mvn:org.opendaylight.controller/sal-clustering-config/1.1-SNAPSHOT/xml/akkaconf</configfile>
        <configfile finalname="configuration/initial/module-shards.conf">mvn:org.opendaylight.controller/sal-clustering-config/1.1-SNAPSHOT/xml/moduleshardconf</configfile>
        <configfile finalname="configuration/initial/modules.conf">mvn:org.opendaylight.controller/sal-clustering-config/1.1-SNAPSHOT/xml/moduleconf</configfile>
    </feature>
</features>
