<?xml version="1.0" encoding="UTF-8"?>
<!-- vi: set et smarttab sw=4 tabstop=4: -->
<!--
  Copyright (c) 2014 Hewlett-Packard Development Company, L.P. and others.
  All rights reserved.

 This program and the accompanying materials are made available under the
 terms of the Eclipse Public License v1.0 which accompanies this distribution,
 and is available at http://www.eclipse.org/legal/epl-v10.html
-->
<features name="odl-aaa-0.1.0-SNAPSHOT" xmlns="http://karaf.apache.org/xmlns/features/v1.2.0"
          xmlns:xsi="http://www.w3.org/2001/XMLSchema-instance"
          xsi:schemaLocation="http://karaf.apache.org/xmlns/features/v1.2.0 http://karaf.apache.org/xmlns/features/v1.2.0">
    <repository>mvn:org.opendaylight.controller/features-netconf/0.2.5-SNAPSHOT/xml/features</repository>
    <feature name='odl-aaa-all' description='OpenDaylight :: AAA :: Authentication :: All Features'
        version='0.1.0-SNAPSHOT'>
        <feature version='0.1.0-SNAPSHOT'>odl-aaa-authn</feature>
        <feature version='0.1.0-SNAPSHOT'>odl-aaa-authn-sssd</feature>
        <feature version='0.1.0-SNAPSHOT'>odl-aaa-authn-plugin</feature>
    </feature>

    <feature name='odl-aaa-authn' description='OpenDaylight :: AAA :: Authentication'
        version='0.1.0-SNAPSHOT'>
        <!-- REST -->
        <feature>war</feature>
        <bundle>mvn:com.sun.jersey/jersey-servlet/1.17</bundle>
        <bundle>mvn:com.sun.jersey/jersey-core/1.17</bundle>
        <bundle>mvn:com.sun.jersey/jersey-server/1.17</bundle>

        <!-- OSGi -->
        <bundle>mvn:org.apache.felix/org.apache.felix.dependencymanager/3.1.0</bundle>
        <bundle>mvn:org.apache.felix/org.apache.felix.metatype/1.0.10</bundle>

        <!-- EhCache -->
        <bundle>mvn:net.sf.ehcache/ehcache/2.8.3</bundle>
        <bundle>mvn:org.apache.geronimo.specs/geronimo-jta_1.1_spec/1.1.1</bundle>

        <!-- OAuth -->
        <bundle>mvn:org.apache.oltu.oauth2/org.apache.oltu.oauth2.common/1.0.0</bundle>
        <bundle>mvn:org.apache.oltu.oauth2/org.apache.oltu.oauth2.authzserver/1.0.0</bundle>
        <bundle>mvn:org.apache.oltu.oauth2/org.apache.oltu.oauth2.resourceserver/1.0.0</bundle>
        <bundle>mvn:commons-codec/commons-codec/1.8</bundle>

        <!-- AuthN -->
        <bundle>mvn:org.opendaylight.aaa/aaa-authn-api/0.1.0-SNAPSHOT</bundle>
        <bundle>mvn:org.opendaylight.aaa/aaa-authn/0.1.0-SNAPSHOT</bundle>
        <bundle>mvn:org.opendaylight.aaa/aaa-authn-sts/0.1.0-SNAPSHOT</bundle>
        <bundle>mvn:org.opendaylight.aaa/aaa-authn-store/0.1.0-SNAPSHOT</bundle>
        <bundle>mvn:org.opendaylight.aaa/aaa-authn-basic/0.1.0-SNAPSHOT</bundle>

        <!-- IDMLight -->
        <bundle>mvn:org.opendaylight.aaa/aaa-idmlight/0.1.0-SNAPSHOT</bundle>
        <bundle>wrap:mvn:org.json/json/20131018</bundle>
        <bundle>mvn:com.sun.jersey/jersey-json/1.17</bundle>
        <bundle>mvn:org.codehaus.jackson/jackson-core-asl/1.9.2</bundle>
        <bundle>mvn:org.codehaus.jackson/jackson-mapper-asl/1.9.2</bundle>
        <bundle>mvn:org.codehaus.jackson/jackson-jaxrs/1.9.2</bundle>
        <bundle>mvn:org.codehaus.jackson/jackson-xc/1.9.2</bundle>
        <bundle>mvn:org.codehaus.jettison/jettison/1.1</bundle>
        <bundle>wrap:mvn:org.xerial/sqlite-jdbc/3.7.2</bundle>

        <!-- Federation -->
        <bundle>mvn:org.opendaylight.aaa/aaa-authn-federation/0.1.0-SNAPSHOT</bundle>
        <bundle>mvn:org.opendaylight.aaa/aaa-authn-idpmapping/0.1.0-SNAPSHOT</bundle>
        <bundle>mvn:org.glassfish/javax.json/1.0.4</bundle>

        <configfile finalname="/etc/org.opendaylight.aaa.authn.cfg">mvn:org.opendaylight.aaa/aaa-authn/0.1.0-SNAPSHOT/cfg/config</configfile>
        <configfile finalname="/etc/org.opendaylight.aaa.tokens.cfg">mvn:org.opendaylight.aaa/aaa-authn-store/0.1.0-SNAPSHOT/cfg/config</configfile>
        <configfile finalname="/etc/org.opendaylight.aaa.federation.cfg">mvn:org.opendaylight.aaa/aaa-authn-federation/0.1.0-SNAPSHOT/cfg/config</configfile>
    </feature>

    <feature name='odl-aaa-authn-sssd' description='OpenDaylight :: AAA :: SSSD Federation'
        version='0.1.0-SNAPSHOT'>
        <feature version='0.1.0-SNAPSHOT'>odl-aaa-authn</feature>
        <bundle>mvn:org.opendaylight.aaa/aaa-authn-sssd/0.1.0-SNAPSHOT</bundle>
    </feature>

    <feature name='odl-aaa-authn-plugin' description='OpenDaylight :: AAA :: ODL NETCONF Plugin'
        version='0.1.0-SNAPSHOT'>
        <feature version='0.2.5-SNAPSHOT'>odl-netconf-api</feature>
        <feature version='0.1.0-SNAPSHOT'>odl-aaa-authn</feature>
        <bundle>mvn:org.opendaylight.aaa/aaa-authn-odl-plugin/0.1.0-SNAPSHOT</bundle>
    </feature>

</features>
