<?xml version="1.0" encoding="UTF-8"?>
<metadata modelVersion="1.1.0">
  <groupId>org.opendaylight.dlux</groupId>
  <artifactId>features-dlux</artifactId>
  <version>0.1.0-SNAPSHOT</version>
  <versioning>
    <snapshot>
      <localCopy>true</localCopy>
    </snapshot>
    <lastUpdated>20140926005552</lastUpdated>
    <snapshotVersions>
      <snapshotVersion>
        <classifier>features</classifier>
        <extension>xml</extension>
        <value>0.1.0-SNAPSHOT</value>
        <updated>20140926005552</updated>
      </snapshotVersion>
    </snapshotVersions>
  </versioning>
</metadata>
