<?xml version="1.0" encoding="UTF-8"?>
<!-- vi: set et smarttab sw=4 tabstop=4: -->
<!--
 Necessary TODO: Put your copyright statement here

 This program and the accompanying materials are made available under the
 terms of the Eclipse Public License v1.0 which accompanies this distribution,
 and is available at http://www.eclipse.org/legal/epl-v10.html
-->
<features name="odl-adsal-compatibility-0.8.1-SNAPSHOT" xmlns="http://karaf.apache.org/xmlns/features/v1.2.0"
          xmlns:xsi="http://www.w3.org/2001/XMLSchema-instance"
          xsi:schemaLocation="http://karaf.apache.org/xmlns/features/v1.2.0 http://karaf.apache.org/xmlns/features/v1.2.0">
    <repository>mvn:org.opendaylight.controller/features-mdsal/1.1-SNAPSHOT/xml/features</repository>
    <repository>mvn:org.opendaylight.controller/features-adsal/0.8.1-SNAPSHOT/xml/features</repository>
    <repository>mvn:org.opendaylight.controller/features-flow/1.1-SNAPSHOT/xml/features</repository>
    <feature name='odl-adsal-compatibility-all' version='1.4.2-SNAPSHOT' description='OpenDaylight :: controller :: All'>
        <feature version='0.8.1-SNAPSHOT'>odl-adsal-compatibility</feature>
    </feature>
    <feature name='odl-adsal-compatibility' description="OpenDaylight :: AD-SAL :: Compatibility" version="0.8.1-SNAPSHOT">
      <feature version="1.1-SNAPSHOT">odl-mdsal-broker</feature>
      <feature version="1.1-SNAPSHOT">odl-flow-model</feature>
      <feature version="0.8.1-SNAPSHOT">odl-adsal-all</feature>
      <bundle>mvn:org.opendaylight.controller/sal-compatibility/1.1-SNAPSHOT</bundle>
   </feature>
</features>
