<?xml version="1.0" encoding="UTF-8"?>

<features name="odl-flow-1.1-SNAPSHOT" xmlns="http://karaf.apache.org/xmlns/features/v1.2.0"
   xmlns:xsi="http://www.w3.org/2001/XMLSchema-instance"
   xsi:schemaLocation="http://karaf.apache.org/xmlns/features/v1.2.0 http://karaf.apache.org/xmlns/features/v1.2.0">
    <repository>mvn:org.opendaylight.controller/features-mdsal/1.1-SNAPSHOT/xml/features</repository>
    <feature name='odl-flow-model' version='1.1-SNAPSHOT' description="OpenDaylight :: Flow :: Model">
        <feature version='0.6.2-SNAPSHOT'>odl-yangtools-models</feature>
        <bundle>mvn:org.opendaylight.controller.model/model-flow-base/1.1-SNAPSHOT</bundle>
        <bundle>mvn:org.opendaylight.controller.model/model-flow-service/1.1-SNAPSHOT</bundle>
        <bundle>mvn:org.opendaylight.controller.model/model-flow-statistics/1.1-SNAPSHOT</bundle>
        <bundle>mvn:org.opendaylight.controller.model/model-inventory/1.1-SNAPSHOT</bundle>
        <bundle>mvn:org.opendaylight.controller.model/model-topology/1.1-SNAPSHOT</bundle>
    </feature>
    <feature name='odl-flow-services' version='1.1-SNAPSHOT' description="OpenDaylight :: Flow :: Services">
        <feature version='1.1-SNAPSHOT'>odl-mdsal-broker</feature>
        <feature version='1.1-SNAPSHOT'>odl-flow-model</feature>
        <bundle>mvn:org.opendaylight.controller.md/topology-manager/1.1-SNAPSHOT</bundle>
        <bundle>mvn:org.opendaylight.controller.md/topology-lldp-discovery/1.1-SNAPSHOT</bundle>
        <bundle>mvn:org.opendaylight.controller.md/statistics-manager/1.1-SNAPSHOT</bundle>
        <bundle>mvn:org.opendaylight.controller.md/inventory-manager/1.1-SNAPSHOT</bundle>
        <bundle>mvn:org.opendaylight.controller.md/forwardingrules-manager/1.1-SNAPSHOT</bundle>
        <bundle>mvn:org.opendaylight.controller/liblldp/0.8.1-SNAPSHOT</bundle>
    </feature>

</features>
