<?xml version="1.0" encoding="UTF-8" standalone="yes"?>
<features name="nsf-0.4.2-SNAPSHOT"  xmlns="http://karaf.apache.org/xmlns/features/v1.2.0" xmlns:xsi="http://www.w3.org/2001/XMLSchema-instance" xsi:schemaLocation="http://karaf.apache.org/xmlns/features/v1.2.0 http://karaf.apache.org/xmlns/features/v1.2.0">
    <repository>mvn:org.opendaylight.controller/features-base/1.4.2-SNAPSHOT/xml/features</repository>
    <repository>mvn:org.opendaylight.controller/features-adsal/0.8.1-SNAPSHOT/xml/features</repository>
    <feature name="odl-nsf-all" description="OpenDaylight :: NSF :: All Network Service Functions" version="0.4.2-SNAPSHOT">
        <feature version="0.8.1-SNAPSHOT">odl-adsal-all</feature>
        <feature version="0.4.2-SNAPSHOT">odl-nsf-managers</feature>
        <feature version="0.4.2-SNAPSHOT">odl-adsal-northbound</feature>
        <!--
         TODO : Resolve this in a follow-up commit
            <feature>odl-controller-web</feature>
        -->
    </feature>

    <feature name="odl-nsf-managers" description="OpenDaylight :: AD-SAL :: Network Service Functions" version="0.4.2-SNAPSHOT">
        <feature version="1.4.2-SNAPSHOT">odl-base-all</feature>
        <feature version="0.8.1-SNAPSHOT">odl-adsal-all</feature>
        <bundle>mvn:org.opendaylight.controller/usermanager/0.4.2-SNAPSHOT</bundle>
        <bundle>mvn:org.opendaylight.controller/usermanager.implementation/0.4.2-SNAPSHOT</bundle>

        <bundle>mvn:org.opendaylight.controller/appauth/0.4.2-SNAPSHOT</bundle>

        <bundle>mvn:org.opendaylight.controller/connectionmanager/0.1.2-SNAPSHOT</bundle>
        <bundle>mvn:org.opendaylight.controller/connectionmanager.implementation/0.1.2-SNAPSHOT</bundle>

        <bundle>mvn:org.opendaylight.controller/containermanager/0.5.2-SNAPSHOT</bundle>
        <bundle>mvn:org.opendaylight.controller/containermanager.implementation/0.5.2-SNAPSHOT</bundle>

        <bundle>mvn:org.opendaylight.controller/statisticsmanager/0.5.1-SNAPSHOT</bundle>
        <bundle>mvn:org.opendaylight.controller/statisticsmanager.implementation/0.4.2-SNAPSHOT</bundle>

        <bundle>mvn:org.opendaylight.controller/switchmanager/0.7.1-SNAPSHOT</bundle>
        <bundle>mvn:org.opendaylight.controller/switchmanager.implementation/0.4.2-SNAPSHOT</bundle>

        <bundle>mvn:org.opendaylight.controller/forwardingrulesmanager/0.6.0-SNAPSHOT</bundle>
        <bundle>mvn:org.opendaylight.controller/forwardingrulesmanager.implementation/0.4.2-SNAPSHOT</bundle>

        <bundle>mvn:org.opendaylight.controller/topologymanager/0.4.2-SNAPSHOT</bundle>
        <bundle>mvn:org.opendaylight.controller/topologymanager.shell/1.0.0-SNAPSHOT</bundle>

        <bundle>mvn:org.opendaylight.controller/networkconfig.neutron/0.4.2-SNAPSHOT</bundle>
        <bundle>mvn:org.opendaylight.controller/networkconfig.neutron.implementation/0.4.2-SNAPSHOT</bundle>

        <bundle>mvn:org.opendaylight.controller/hosttracker/0.5.2-SNAPSHOT</bundle>
        <bundle>mvn:org.opendaylight.controller/hosttracker.implementation/0.5.2-SNAPSHOT</bundle>
        <bundle>mvn:org.opendaylight.controller/hosttracker.shell/1.0.0-SNAPSHOT</bundle>

        <bundle>mvn:org.opendaylight.controller/forwarding.staticrouting/0.5.2-SNAPSHOT</bundle>

        <bundle>mvn:org.opendaylight.controller.thirdparty/net.sf.jung2/2.0.1</bundle>
        <bundle>mvn:org.opendaylight.controller/routing.dijkstra_implementation/0.4.2-SNAPSHOT</bundle>
    </feature>

    <feature name="odl-adsal-northbound" description="OpenDaylight :: AD-SAL :: Northbound APIs" version="0.4.2-SNAPSHOT">
        <feature version="1.4.2-SNAPSHOT">odl-base-all</feature>
        <feature version="0.4.2-SNAPSHOT">odl-nsf-managers</feature>
        <bundle>mvn:org.ow2.asm/asm-all/4.1</bundle>
        <!--
            TODO : Resolve these in a follow-up commit
            <bundle>mvn:org.opendaylight.controller/httpservice-bridge/0.0.2-SNAPSHOT</bundle>
            <bundle>mvn:org.opendaylight.controller/jolokia-bridge/0.0.2-SNAPSHOT</bundle>
        -->
        <bundle>mvn:org.opendaylight.controller/bundlescanner/0.4.2-SNAPSHOT</bundle>
        <bundle>mvn:org.opendaylight.controller/bundlescanner.implementation/0.4.2-SNAPSHOT</bundle>
        <bundle>mvn:org.opendaylight.controller/commons.northbound/0.4.2-SNAPSHOT</bundle>
        <bundle>mvn:org.opendaylight.controller/connectionmanager.northbound/0.1.2-SNAPSHOT</bundle>
        <bundle>mvn:org.opendaylight.controller/flowprogrammer.northbound/0.4.2-SNAPSHOT</bundle>
        <bundle>mvn:org.opendaylight.controller/hosttracker.northbound/0.4.2-SNAPSHOT</bundle>
        <bundle>mvn:org.opendaylight.controller/networkconfig.bridgedomain.northbound/0.0.3-SNAPSHOT</bundle>
        <bundle>mvn:org.eclipse.persistence/org.eclipse.persistence.antlr/2.5.0</bundle>
        <bundle>mvn:org.eclipse.persistence/org.eclipse.persistence.core/2.5.0</bundle>
        <bundle>mvn:org.eclipse.persistence/org.eclipse.persistence.moxy/2.5.0</bundle>
        <bundle>mvn:org.opendaylight.controller/networkconfig.neutron.northbound/0.4.2-SNAPSHOT</bundle>
        <bundle>mvn:org.opendaylight.controller/forwarding.staticrouting.northbound/0.4.2-SNAPSHOT</bundle>
        <bundle>mvn:org.opendaylight.controller/statistics.northbound/0.4.2-SNAPSHOT</bundle>
        <bundle>mvn:org.opendaylight.controller/subnets.northbound/0.4.2-SNAPSHOT</bundle>
        <bundle>mvn:org.opendaylight.controller/switchmanager.northbound/0.4.2-SNAPSHOT</bundle>
        <bundle>mvn:org.opendaylight.controller/topology.northbound/0.4.2-SNAPSHOT</bundle>
        <bundle>mvn:org.opendaylight.controller/usermanager.northbound/0.0.2-SNAPSHOT</bundle>
    </feature>
</features>
