<?xml version="1.0" encoding="UTF-8" standalone="yes"?>
<features xmlns="http://karaf.apache.org/xmlns/features/v1.2.0" name="framework-3.0.1">
    <feature name="framework" version="3.0.1" description="Karaf core feature">
        <details>The Apache Software Foundation provides support for the Apache community of open-source software projects.
    The Apache projects are characterized by a collaborative, consensus based development process, an open and
    pragmatic software license, and a desire to create high quality software that leads the way in its field.
    We consider ourselves not simply a group of projects sharing a server, but rather a community of developers
    and users.</details>
        <bundle start-level="5" start="true">mvn:org.ops4j.base/ops4j-base-lang/1.4.0</bundle>
        <bundle start-level="5" start="true">mvn:biz.aQute.bnd/bndlib/2.2.0</bundle>
        <bundle start-level="5" start="true">mvn:org.ops4j.pax.swissbox/pax-swissbox-bnd/1.7.0</bundle>
        <bundle start-level="5" start="true">mvn:org.ops4j.pax.url/pax-url-maven-commons/1.6.0</bundle>
        <bundle start-level="5" start="true">mvn:org.ops4j.pax.url/pax-url-aether/1.6.0</bundle>
        <bundle start-level="5" start="true">mvn:org.ops4j.pax.url/pax-url-wrap/1.6.0</bundle>
        <bundle start-level="8" start="true">mvn:org.ops4j.pax.logging/pax-logging-api/1.7.2</bundle>
        <bundle start-level="8" start="true">mvn:org.ops4j.pax.logging/pax-logging-service/1.7.2</bundle>
        <bundle start-level="10" start="true">mvn:org.apache.karaf.service/org.apache.karaf.service.guard/3.0.1</bundle>
        <bundle start-level="10" start="true">mvn:org.apache.felix/org.apache.felix.configadmin/1.6.0</bundle>
        <bundle start-level="11" start="true">mvn:org.apache.felix/org.apache.felix.fileinstall/3.2.8</bundle>
        <bundle start-level="12" start="true">mvn:org.ow2.asm/asm-all/4.1</bundle>
        <bundle start-level="20" start="true">mvn:org.apache.aries/org.apache.aries.util/1.1.0</bundle>
        <bundle start-level="20" start="true">mvn:org.apache.aries.proxy/org.apache.aries.proxy.api/1.0.0</bundle>
        <bundle start-level="20" start="true">mvn:org.apache.aries.proxy/org.apache.aries.proxy.impl/1.0.2</bundle>
        <bundle start-level="20" start="true">mvn:org.apache.aries.blueprint/org.apache.aries.blueprint.api/1.0.0</bundle>
        <bundle start-level="20" start="true">mvn:org.apache.aries.blueprint/org.apache.aries.blueprint.cm/1.0.3</bundle>
        <bundle start-level="20" start="true">mvn:org.apache.aries.blueprint/org.apache.aries.blueprint.core.compatibility/1.0.0</bundle>
        <bundle start-level="20" start="true">mvn:org.apache.aries.blueprint/org.apache.aries.blueprint.core/1.4.0</bundle>
        <bundle start-level="24" start="true">mvn:org.apache.karaf.deployer/org.apache.karaf.deployer.spring/3.0.1</bundle>
        <bundle start-level="24" start="true">mvn:org.apache.karaf.deployer/org.apache.karaf.deployer.blueprint/3.0.1</bundle>
        <bundle start-level="24" start="true">mvn:org.apache.karaf.deployer/org.apache.karaf.deployer.wrap/3.0.1</bundle>
        <bundle start-level="25" start="true">mvn:org.apache.karaf.region/org.apache.karaf.region.core/3.0.1</bundle>
        <bundle start-level="25" start="true">mvn:org.apache.karaf.features/org.apache.karaf.features.core/3.0.1</bundle>
        <bundle start-level="26" start="true">mvn:org.apache.karaf.deployer/org.apache.karaf.deployer.features/3.0.1</bundle>
        <bundle start-level="30">mvn:jline/jline/2.11</bundle>
        <bundle start-level="30">mvn:org.jledit/core/0.2.1</bundle>
        <bundle start-level="30">mvn:org.fusesource.jansi/jansi/1.11</bundle>
        <bundle start-level="30">mvn:org.ops4j.base/ops4j-base-util-property/1.4.0</bundle>
        <bundle start-level="30">mvn:org.ops4j.base/ops4j-base-util-xml/1.4.0</bundle>
        <bundle start-level="30">mvn:org.ops4j.base/ops4j-base-util-collections/1.4.0</bundle>
        <bundle start-level="30">mvn:org.ops4j.pax.url/pax-url-commons/1.6.0</bundle>
        <bundle start-level="30">mvn:org.ops4j.pax.swissbox/pax-swissbox-property/1.7.0</bundle>
        <bundle start-level="30">mvn:org.ops4j.base/ops4j-base-net/1.4.0</bundle>
        <bundle start-level="30">mvn:org.ops4j.base/ops4j-base-monitors/1.4.0</bundle>
        <bundle start-level="30">mvn:org.apache.karaf.features/org.apache.karaf.features.command/3.0.1</bundle>
        <bundle start-level="30">mvn:org.apache.karaf.shell/org.apache.karaf.shell.console/3.0.1</bundle>
        <bundle start-level="30">mvn:org.apache.karaf.jaas/org.apache.karaf.jaas.modules/3.0.1</bundle>
        <bundle start-level="30">mvn:org.apache.karaf.jaas/org.apache.karaf.jaas.config/3.0.1</bundle>
        <bundle start-level="30">mvn:org.apache.karaf.jaas/org.apache.karaf.jaas.boot/3.0.1</bundle>
        <bundle start-level="30">mvn:org.apache.sshd/sshd-core/0.9.0</bundle>
        <bundle start-level="30">mvn:org.apache.karaf.bundle/org.apache.karaf.bundle.command/3.0.1</bundle>
        <bundle start-level="30">mvn:org.apache.karaf.shell/org.apache.karaf.shell.table/3.0.1</bundle>
        <bundle start-level="30">mvn:org.apache.karaf.bundle/org.apache.karaf.bundle.core/3.0.1</bundle>
        <bundle start-level="30">mvn:org.apache.karaf.shell/org.apache.karaf.shell.help/3.0.1</bundle>
        <bundle start-level="30">mvn:org.apache.karaf.system/org.apache.karaf.system.core/3.0.1</bundle>
        <bundle start-level="30">mvn:org.apache.karaf.system/org.apache.karaf.system.command/3.0.1</bundle>
        <bundle start-level="30">mvn:org.apache.karaf.shell/org.apache.karaf.shell.commands/3.0.1</bundle>
        <bundle start-level="30">mvn:org.apache.aries.quiesce/org.apache.aries.quiesce.api/1.0.0</bundle>
    </feature>
</features>
